Metric,Overall,Deep Calm,Calm,Turbulent,Stress Turbulent
BTC-ETH Correlation,0.8383062894000826,0.7703397061599089,0.7891947539572118,0.8418083867746123,0.8912911281313923
